region,state,month,avg_temp_c,avg_humidity,pop_density_per_km2,energy_demand_mwh,carbon_emissions_tco2
Agra,Uttar Pradesh,2019-01,23.081612903225807,46.48225806451613,3406.263980076708,5.9,4.42
Agra,Uttar Pradesh,2019-02,24.270357142857144,44.08678571428572,3505.3675906929743,6.31,4.73
Agra,Uttar Pradesh,2019-03,26.339032258064517,43.5158064516129,3602.4735607970892,16.53,12.4
Agra,Uttar Pradesh,2019-04,28.334333333333333,43.63666666666666,3538.142513686734,28.95,21.72
Agra,Uttar Pradesh,2019-05,29.41,48.07741935483871,3509.318792841952,33.65,25.24
Agra,Uttar Pradesh,2019-06,30.507333333333335,62.82733333333333,3635.143709753089,42.04,31.53
Agra,Uttar Pradesh,2019-07,29.896129032258063,76.28612903225806,3523.8534744228778,38.23,28.67
Agra,Uttar Pradesh,2019-08,28.621290322580645,72.86774193548388,3529.5472119416013,30.38,22.79
Agra,Uttar Pradesh,2019-09,26.71066666666667,62.95399999999999,3537.416859905247,16.26,12.19
Agra,Uttar Pradesh,2019-10,24.983870967741936,46.425483870967746,3430.1622206066754,10.74,8.05
Agra,Uttar Pradesh,2019-11,23.224666666666668,40.465333333333334,3402.9190633981557,6.77,5.08
Agra,Uttar Pradesh,2019-12,22.68903225806452,42.03193548387097,3504.869244545374,5.81,4.36
Agra,Uttar Pradesh,2020-01,23.175161290322578,45.40483870967742,3491.433595302764,5.63,4.22
Agra,Uttar Pradesh,2020-02,24.22241379310345,43.230000000000004,3586.1687872263656,7.14,5.36
Agra,Uttar Pradesh,2020-03,26.059032258064516,46.457741935483874,3541.1228283194964,12.77,9.58
Agra,Uttar Pradesh,2020-04,27.853,46.571333333333335,3538.871252490432,21.48,16.11
Agra,Uttar Pradesh,2020-05,29.253870967741936,48.01774193548387,3533.0321418359845,33.12,24.84
Agra,Uttar Pradesh,2020-06,31.02,66.59233333333333,3571.2807680801675,46.48,34.86
Agra,Uttar Pradesh,2020-07,30.00258064516129,73.22709677419354,3567.5308551169505,37.48,28.11
Agra,Uttar Pradesh,2020-08,28.664193548387097,72.42354838709677,3385.374494122355,30.46,22.84
Agra,Uttar Pradesh,2020-09,26.989666666666665,61.673,3470.287501352936,18.6,13.95
Agra,Uttar Pradesh,2020-10,24.461290322580645,47.414838709677426,3558.0311131457656,6.22,4.67
Agra,Uttar Pradesh,2020-11,22.803333333333335,42.905,3484.2127962144355,3.92,2.94
Agra,Uttar Pradesh,2020-12,22.351333333333333,46.508,3488.3435882648564,5.34,4.0
Ahmedabad,Gujarat,2019-01,23.78258064516129,44.965806451612906,8748.889946118876,20.4,15.3
Ahmedabad,Gujarat,2019-02,25.011428571428574,41.712857142857146,8970.598352966828,20.53,15.4
Ahmedabad,Gujarat,2019-03,26.943225806451615,41.67967741935484,8700.6730209054,25.98,19.48
Ahmedabad,Gujarat,2019-04,28.797,47.091,8825.858149066797,40.68,30.51
Ahmedabad,Gujarat,2019-05,30.924838709677417,47.776774193548384,8941.046094814366,54.23,40.67
Ahmedabad,Gujarat,2019-06,31.717,66.02033333333333,8896.074364186381,59.58,44.68
Ahmedabad,Gujarat,2019-07,31.19193548387097,77.16612903225807,9075.317975855452,55.87,41.9
Ahmedabad,Gujarat,2019-08,29.45258064516129,71.39774193548386,8941.130600951436,43.4,32.55
Ahmedabad,Gujarat,2019-09,28.066,59.21933333333333,9018.075858215883,35.87,26.91
Ahmedabad,Gujarat,2019-10,25.73483870967742,50.06645161290322,9163.627975409963,20.84,15.63
Ahmedabad,Gujarat,2019-11,24.096,44.272000000000006,8963.19400663127,15.78,11.83
Ahmedabad,Gujarat,2019-12,23.68,44.59290322580645,9059.991903124264,17.46,13.1
Ahmedabad,Gujarat,2020-01,24.171935483870968,44.67935483870968,8974.500146008373,19.78,14.84
Ahmedabad,Gujarat,2020-02,25.26137931034483,43.96137931034483,9176.836891028086,23.33,17.49
Ahmedabad,Gujarat,2020-03,27.528387096774193,42.43967741935484,9155.934476539407,37.47,28.1
Ahmedabad,Gujarat,2020-04,29.204666666666665,46.63,9123.652244063233,46.28,34.71
Ahmedabad,Gujarat,2020-05,31.134193548387096,47.68935483870968,8879.122720721092,52.63,39.47
Ahmedabad,Gujarat,2020-06,31.526666666666664,63.117,9142.165454337079,60.71,45.53
Ahmedabad,Gujarat,2020-07,31.30258064516129,76.56225806451613,9110.434480008134,59.96,44.97
Ahmedabad,Gujarat,2020-08,29.498387096774195,75.18741935483871,9224.8198615235,46.41,34.81
Ahmedabad,Gujarat,2020-09,27.827333333333335,60.29666666666667,8840.20894966077,31.15,23.36
Ahmedabad,Gujarat,2020-10,25.44483870967742,45.751290322580644,9157.116167973025,22.43,16.82
Ahmedabad,Gujarat,2020-11,23.958666666666666,42.517,8660.510213283846,15.68,11.76
Ahmedabad,Gujarat,2020-12,23.568666666666665,43.309999999999995,8728.856132939669,18.2,13.65
Amritsar,Punjab,2019-01,21.023548387096774,44.43387096774194,798.1514858137303,3.9,2.93
Amritsar,Punjab,2019-02,21.856785714285714,45.30821428571429,814.2652572629594,2.92,2.19
Amritsar,Punjab,2019-03,24.368709677419353,44.87612903225807,800.6217592008662,1.0,0.75
Amritsar,Punjab,2019-04,26.500999999999998,46.135,797.9110041532913,13.05,9.79
Amritsar,Punjab,2019-05,28.142258064516128,50.04290322580645,787.2235475011436,20.62,15.47
Amritsar,Punjab,2019-06,28.205666666666666,66.03699999999999,782.40725579882,22.96,17.22
Amritsar,Punjab,2019-07,28.633225806451613,75.28677419354838,799.3516498991224,23.01,17.26
Amritsar,Punjab,2019-08,27.020967741935483,73.8225806451613,773.9332416010927,14.56,10.92
Amritsar,Punjab,2019-09,24.736333333333334,61.59466666666666,765.1974668796179,3.4,2.55
Amritsar,Punjab,2019-10,22.700967741935486,49.04387096774194,799.6758246725196,1.13,0.85
Amritsar,Punjab,2019-11,21.678,41.35066666666667,806.7361696699908,4.6,3.45
Amritsar,Punjab,2019-12,20.554516129032255,45.35645161290322,795.2140626174818,3.34,2.51
Amritsar,Punjab,2020-01,21.38290322580645,46.93096774193548,814.4918773952706,2.43,1.83
Amritsar,Punjab,2020-02,22.407241379310342,41.65379310344828,789.4458926286203,1.0,0.75
Amritsar,Punjab,2020-03,24.286774193548386,45.700967741935486,804.222006131906,1.0,0.75
Amritsar,Punjab,2020-04,25.993666666666666,44.91,821.1438680368631,8.98,6.73
Amritsar,Punjab,2020-05,27.683870967741935,48.1058064516129,804.4565779754781,19.06,14.29
Amritsar,Punjab,2020-06,28.813333333333333,65.758,813.0632604796215,21.27,15.95
Amritsar,Punjab,2020-07,28.36709677419355,77.29741935483871,785.5421319487098,23.54,17.66
Amritsar,Punjab,2020-08,26.783548387096772,73.8158064516129,807.9762200441882,10.64,7.98
Amritsar,Punjab,2020-09,24.346333333333334,60.81466666666667,809.3692160819268,1.0,0.75
Amritsar,Punjab,2020-10,22.01322580645161,47.49290322580645,792.3145344630251,3.58,2.69
Amritsar,Punjab,2020-11,21.770666666666667,42.45066666666666,765.6629333159507,1.0,0.75
Amritsar,Punjab,2020-12,20.218999999999998,44.379,808.17476908523,2.18,1.63
Bengaluru,Karnataka,2019-01,19.04290322580645,46.57741935483871,9003.417349714979,19.88,14.91
Bengaluru,Karnataka,2019-02,20.65285714285714,41.70428571428572,8989.359334999328,19.06,14.29
Bengaluru,Karnataka,2019-03,23.11806451612903,43.96612903225807,9022.356915658773,15.71,11.79
Bengaluru,Karnataka,2019-04,25.054333333333332,47.23800000000001,8970.275219734014,19.82,14.87
Bengaluru,Karnataka,2019-05,27.254193548387097,48.88709677419355,9063.469673414616,30.64,22.98
Bengaluru,Karnataka,2019-06,27.042666666666666,63.976,8623.490148116769,30.6,22.95
Bengaluru,Karnataka,2019-07,27.24967741935484,75.02548387096775,8875.089651117361,32.13,24.1
Bengaluru,Karnataka,2019-08,26.13225806451613,73.8874193548387,9235.6078374278,28.55,21.41
Bengaluru,Karnataka,2019-09,23.927,59.735,9092.56310193434,19.04,14.28
Bengaluru,Karnataka,2019-10,21.66483870967742,47.43838709677419,9183.026738927696,20.12,15.09
Bengaluru,Karnataka,2019-11,19.829,43.326,8869.447175690333,17.19,12.89
Bengaluru,Karnataka,2019-12,19.788064516129033,40.19967741935484,8908.368542437676,17.02,12.77
Bengaluru,Karnataka,2020-01,19.28774193548387,43.94161290322581,8916.623460844328,14.6,10.95
Bengaluru,Karnataka,2020-02,21.29689655172414,41.470000000000006,8805.198329234354,16.14,12.1
Bengaluru,Karnataka,2020-03,23.141935483870967,44.18645161290323,9449.318725406587,15.36,11.52
Bengaluru,Karnataka,2020-04,25.21466666666667,45.463,8997.74781116122,20.05,15.04
Bengaluru,Karnataka,2020-05,27.23225806451613,49.193548387096776,9041.679271218358,34.75,26.06
Bengaluru,Karnataka,2020-06,27.17,63.824666666666666,8931.363629464886,31.66,23.75
Bengaluru,Karnataka,2020-07,27.118709677419353,74.06903225806451,9163.288412396998,31.49,23.62
Bengaluru,Karnataka,2020-08,25.443548387096776,70.83258064516129,8970.363359391178,22.45,16.84
Bengaluru,Karnataka,2020-09,24.176,61.486666666666665,9008.718897122113,17.22,12.92
Bengaluru,Karnataka,2020-10,21.883870967741935,50.009354838709676,8853.309384525923,17.44,13.08
Bengaluru,Karnataka,2020-11,20.346666666666668,44.6,8852.947086487136,19.66,14.74
Bengaluru,Karnataka,2020-12,19.168333333333333,43.90433333333333,9169.72788762623,16.13,12.1
Bhopal,Madhya Pradesh,2019-01,21.58709677419355,44.8983870967742,781.784929702553,1.0,0.75
Bhopal,Madhya Pradesh,2019-02,22.827142857142857,43.467499999999994,795.2601729119084,1.0,0.75
Bhopal,Madhya Pradesh,2019-03,24.556129032258063,44.06548387096774,805.5407720635975,2.23,1.67
Bhopal,Madhya Pradesh,2019-04,26.608666666666668,43.164,792.149335172601,17.19,12.89
Bhopal,Madhya Pradesh,2019-05,27.721612903225807,48.446451612903225,812.1579393431014,21.88,16.41
Bhopal,Madhya Pradesh,2019-06,29.315,67.096,801.3696250285262,31.83,23.87
Bhopal,Madhya Pradesh,2019-07,28.37677419354839,77.33290322580646,821.4081745311476,19.39,14.55
Bhopal,Madhya Pradesh,2019-08,27.383870967741935,73.98225806451612,764.1174916543631,13.28,9.96
Bhopal,Madhya Pradesh,2019-09,25.389,60.581,779.8742615248201,7.99,5.99
Bhopal,Madhya Pradesh,2019-10,23.184516129032257,47.18193548387097,822.7975101422902,1.0,0.75
Bhopal,Madhya Pradesh,2019-11,21.262666666666668,43.607,815.4953889525079,2.21,1.66
Bhopal,Madhya Pradesh,2019-12,21.25225806451613,46.91161290322581,766.1958479044594,1.0,0.75
Bhopal,Madhya Pradesh,2020-01,21.26290322580645,44.262903225806454,808.2532507265754,3.87,2.9
Bhopal,Madhya Pradesh,2020-02,22.803793103448275,42.03896551724138,811.3462852504898,1.34,1.01
Bhopal,Madhya Pradesh,2020-03,25.03774193548387,45.39806451612903,801.1110861551913,3.93,2.95
Bhopal,Madhya Pradesh,2020-04,26.84733333333333,45.90333333333333,803.6225063978925,18.98,14.24
Bhopal,Madhya Pradesh,2020-05,28.43516129032258,48.33387096774193,784.2580134210073,22.71,17.03
Bhopal,Madhya Pradesh,2020-06,28.938,64.983,790.4615665998032,23.32,17.49
Bhopal,Madhya Pradesh,2020-07,28.324838709677422,77.33193548387096,773.7750436052963,19.79,14.84
Bhopal,Madhya Pradesh,2020-08,27.013870967741934,71.9241935483871,824.9661717610678,16.66,12.5
Bhopal,Madhya Pradesh,2020-09,25.567333333333334,61.458,781.1092298157697,4.97,3.72
Bhopal,Madhya Pradesh,2020-10,23.21483870967742,49.7341935483871,791.4352507218115,4.63,3.47
Bhopal,Madhya Pradesh,2020-11,21.985,44.005,786.8020050076142,1.0,0.75
Bhopal,Madhya Pradesh,2020-12,20.863,45.211666666666666,814.8929320840748,1.88,1.41
Bhubaneswar,Odisha,2019-01,23.688064516129035,43.968387096774194,808.0473414349691,1.0,0.75
Bhubaneswar,Odisha,2019-02,24.721785714285716,44.88535714285714,808.1872893278456,5.47,4.1
Bhubaneswar,Odisha,2019-03,27.103225806451615,41.45,800.7727774910354,16.85,12.64
Bhubaneswar,Odisha,2019-04,28.58,46.977999999999994,785.7391068547275,23.96,17.97
Bhubaneswar,Odisha,2019-05,30.07741935483871,46.09806451612903,790.9250112396488,32.09,24.07
Bhubaneswar,Odisha,2019-06,30.896666666666665,64.95366666666668,798.4330692614698,36.94,27.7
Bhubaneswar,Odisha,2019-07,30.998387096774195,76.87193548387097,782.9410966706375,38.49,28.86
Bhubaneswar,Odisha,2019-08,29.56096774193548,72.58935483870968,778.6468027474175,26.55,19.91
Bhubaneswar,Odisha,2019-09,27.320666666666668,62.42933333333334,786.5382701903396,13.92,10.44
Bhubaneswar,Odisha,2019-10,25.406774193548387,50.15483870967742,788.4429401009043,8.51,6.38
Bhubaneswar,Odisha,2019-11,24.079666666666665,43.626999999999995,784.1975554401387,1.0,0.75
Bhubaneswar,Odisha,2019-12,23.00483870967742,46.872258064516124,812.9115374628633,1.3,0.98
Bhubaneswar,Odisha,2020-01,23.639354838709675,42.20225806451613,764.1647952956221,4.08,3.06
Bhubaneswar,Odisha,2020-02,24.883793103448276,43.110689655172415,787.0927824563444,4.57,3.43
Bhubaneswar,Odisha,2020-03,26.706129032258065,46.02,797.8651774377836,12.37,9.28
Bhubaneswar,Odisha,2020-04,28.130333333333333,43.336999999999996,800.7395007438226,22.5,16.88
Bhubaneswar,Odisha,2020-05,30.391612903225806,47.48096774193549,808.6121978489425,35.82,26.87
Bhubaneswar,Odisha,2020-06,30.452333333333335,67.56866666666666,814.3139134511702,36.09,27.07
Bhubaneswar,Odisha,2020-07,30.424838709677417,74.39225806451613,770.9515773695464,35.44,26.58
Bhubaneswar,Odisha,2020-08,28.65096774193548,70.89967741935483,790.9842487483552,26.46,19.84
Bhubaneswar,Odisha,2020-09,27.677,62.621,784.1539434568914,21.11,15.83
Bhubaneswar,Odisha,2020-10,25.345483870967744,49.66483870967742,777.0113101793128,1.03,0.77
Bhubaneswar,Odisha,2020-11,23.630999999999997,46.370999999999995,784.7652264812111,5.35,4.01
Bhubaneswar,Odisha,2020-12,23.212333333333333,43.967666666666666,767.7486295099028,3.0,2.25
Bikaner,Rajasthan,2019-01,24.03806451612903,44.052580645161285,148.7454557095253,1.0,0.75
Bikaner,Rajasthan,2019-02,24.8325,42.10928571428571,153.8749304662854,4.33,3.25
Bikaner,Rajasthan,2019-03,26.43,44.51064516129032,153.08436704492343,6.76,5.07
Bikaner,Rajasthan,2019-04,28.659666666666666,43.385666666666665,145.62214823393276,22.98,17.23
Bikaner,Rajasthan,2019-05,30.396451612903224,47.369677419354836,150.2964513984712,36.09,27.07
Bikaner,Rajasthan,2019-06,31.055,63.84066666666667,147.620254850269,37.62,28.21
Bikaner,Rajasthan,2019-07,30.359032258064516,76.50548387096775,153.1038319870652,28.71,21.53
Bikaner,Rajasthan,2019-08,28.895806451612902,71.96774193548387,148.01622951717195,24.11,18.08
Bikaner,Rajasthan,2019-09,27.417333333333332,61.54866666666667,151.81804729250746,14.59,10.94
Bikaner,Rajasthan,2019-10,25.6658064516129,47.230000000000004,151.7350881656415,9.01,6.75
Bikaner,Rajasthan,2019-11,23.804333333333332,42.94533333333334,147.9259887690059,2.1,1.57
Bikaner,Rajasthan,2019-12,22.625806451612902,43.98870967741936,150.07209490899172,4.3,3.22
Bikaner,Rajasthan,2020-01,23.371290322580645,43.1841935483871,147.15728679604567,1.0,0.75
Bikaner,Rajasthan,2020-02,24.776206896551724,40.044137931034484,148.9017613927386,3.95,2.96
Bikaner,Rajasthan,2020-03,26.475161290322582,41.91903225806452,148.61954524343076,11.37,8.53
Bikaner,Rajasthan,2020-04,28.248333333333335,46.455666666666666,150.81664515996312,18.76,14.07
Bikaner,Rajasthan,2020-05,30.798709677419353,47.24580645161291,151.24545695206052,37.22,27.92
Bikaner,Rajasthan,2020-06,30.803,61.759,150.8908001300329,41.86,31.39
Bikaner,Rajasthan,2020-07,30.712580645161292,74.65096774193547,148.80549588795753,34.89,26.17
Bikaner,Rajasthan,2020-08,29.011935483870968,72.71225806451612,147.2213245397437,25.91,19.43
Bikaner,Rajasthan,2020-09,26.863333333333333,59.40366666666667,145.5090265607505,11.94,8.96
Bikaner,Rajasthan,2020-10,25.17064516129032,47.862258064516126,155.83793834597319,5.71,4.28
Bikaner,Rajasthan,2020-11,23.424666666666667,42.721000000000004,150.16543615864515,1.0,0.75
Bikaner,Rajasthan,2020-12,23.267999999999997,44.757333333333335,150.2757761679899,3.21,2.41
Chandigarh,Punjab,2019-01,20.456774193548387,46.11064516129032,791.8876904574435,1.44,1.08
Chandigarh,Punjab,2019-02,21.846785714285716,41.38357142857143,808.0364987695033,1.19,0.89
Chandigarh,Punjab,2019-03,23.70193548387097,43.8783870967742,821.7323819953081,1.0,0.75
Chandigarh,Punjab,2019-04,25.436,46.547333333333334,802.9034346779957,7.31,5.48
Chandigarh,Punjab,2019-05,27.037096774193547,49.80290322580645,804.629790663619,12.54,9.4
Chandigarh,Punjab,2019-06,28.17366666666667,65.05033333333333,809.104339287933,22.63,16.97
Chandigarh,Punjab,2019-07,27.58967741935484,76.79096774193549,791.2848109275355,16.12,12.09
Chandigarh,Punjab,2019-08,26.55806451612903,71.51903225806453,807.8695907643855,11.51,8.63
Chandigarh,Punjab,2019-09,24.321,60.940333333333335,782.5829123735768,4.83,3.62
Chandigarh,Punjab,2019-10,22.062903225806455,50.156129032258065,821.1273547708236,4.61,3.46
Chandigarh,Punjab,2019-11,20.661,44.888000000000005,806.4710707067187,2.07,1.55
Chandigarh,Punjab,2019-12,20.057741935483868,42.00741935483871,776.3729584084003,1.0,0.75
Chandigarh,Punjab,2020-01,20.801612903225806,48.55032258064516,787.5557564700806,1.66,1.24
Chandigarh,Punjab,2020-02,21.96551724137931,44.76413793103448,823.2600648925586,3.3,2.48
Chandigarh,Punjab,2020-03,23.574838709677422,44.21258064516129,806.2170825791766,1.93,1.44
Chandigarh,Punjab,2020-04,25.737333333333332,45.736,795.1061708379588,8.86,6.64
Chandigarh,Punjab,2020-05,27.368387096774192,46.36709677419354,798.588177433069,18.58,13.94
Chandigarh,Punjab,2020-06,28.291666666666668,63.69133333333333,798.3303008661964,17.9,13.42
Chandigarh,Punjab,2020-07,27.661612903225805,76.8383870967742,813.7184580829542,18.01,13.51
Chandigarh,Punjab,2020-08,26.04806451612903,71.82741935483871,825.0278577307397,9.53,7.15
Chandigarh,Punjab,2020-09,24.336666666666666,61.336,806.5765083030902,1.28,0.96
Chandigarh,Punjab,2020-10,22.583870967741937,47.94709677419355,773.8273569980576,2.6,1.95
Chandigarh,Punjab,2020-11,20.26833333333333,45.64633333333334,793.926792789193,1.0,0.75
Chandigarh,Punjab,2020-12,19.930999999999997,43.574333333333335,806.3323307178113,1.0,0.75
Chennai,Tamil Nadu,2019-01,24.901612903225807,42.70870967741936,8797.736974718704,19.52,14.64
Chennai,Tamil Nadu,2019-02,26.157142857142855,43.86714285714286,8993.996434250961,29.91,22.43
Chennai,Tamil Nadu,2019-03,28.39032258064516,44.70193548387097,8924.99971325836,36.12,27.09
Chennai,Tamil Nadu,2019-04,29.96066666666667,44.77033333333333,8798.890449514454,47.88,35.91
Chennai,Tamil Nadu,2019-05,31.3341935483871,49.55451612903226,8987.110997334346,60.0,45.0
Chennai,Tamil Nadu,2019-06,32.585,64.02166666666668,9112.381665235804,68.55,51.41
Chennai,Tamil Nadu,2019-07,31.856451612903225,74.09387096774194,8726.652920478502,58.66,43.99
Chennai,Tamil Nadu,2019-08,30.350322580645162,73.38677419354838,8971.299924543733,51.28,38.46
Chennai,Tamil Nadu,2019-09,28.747,59.841,9039.039680910038,37.09,27.82
Chennai,Tamil Nadu,2019-10,26.91290322580645,46.942903225806454,8863.040081715408,31.35,23.51
Chennai,Tamil Nadu,2019-11,25.396666666666665,40.873666666666665,9015.30732315144,23.9,17.92
Chennai,Tamil Nadu,2019-12,24.399677419354838,43.648387096774194,8862.604147313326,17.47,13.1
Chennai,Tamil Nadu,2020-01,24.931290322580644,46.12935483870968,8774.20452175867,18.1,13.58
Chennai,Tamil Nadu,2020-02,26.29758620689655,41.75482758620689,8910.295771844223,26.79,20.1
Chennai,Tamil Nadu,2020-03,27.86935483870968,43.77225806451613,9147.900932316023,34.2,25.65
Chennai,Tamil Nadu,2020-04,30.602666666666668,44.324333333333335,8675.521535811713,50.18,37.63
Chennai,Tamil Nadu,2020-05,32.03645161290323,46.55870967741935,8929.663300491322,63.09,47.32
Chennai,Tamil Nadu,2020-06,32.454,61.69766666666667,8883.920721599743,67.98,50.98
Chennai,Tamil Nadu,2020-07,32.4158064516129,74.87612903225806,9330.333851367384,65.5,49.12
Chennai,Tamil Nadu,2020-08,30.358709677419355,73.61967741935484,8652.24696783531,48.64,36.48
Chennai,Tamil Nadu,2020-09,28.427666666666667,63.184999999999995,9018.85263286302,37.01,27.76
Chennai,Tamil Nadu,2020-10,26.301935483870967,46.99516129032258,8998.315205773191,29.31,21.98
Chennai,Tamil Nadu,2020-11,25.121333333333332,43.99033333333333,9211.259473138565,19.84,14.88
Chennai,Tamil Nadu,2020-12,24.882,45.995666666666665,9218.232189945906,18.82,14.11
Dehradun,Uttarakhand,2019-01,17.81483870967742,43.947741935483876,149.4590410474862,1.77,1.33
Dehradun,Uttarakhand,2019-02,18.54678571428571,43.67357142857143,147.48692380338548,1.0,0.75
Dehradun,Uttarakhand,2019-03,20.31032258064516,42.57612903225806,148.7676136066171,2.54,1.9
Dehradun,Uttarakhand,2019-04,22.279999999999998,45.11666666666667,154.47395598923654,1.0,0.75
Dehradun,Uttarakhand,2019-05,24.335483870967742,47.5658064516129,149.20114533035914,1.0,0.75
Dehradun,Uttarakhand,2019-06,25.351333333333333,65.342,150.92370625292162,7.11,5.33
Dehradun,Uttarakhand,2019-07,24.514193548387095,77.06322580645161,149.30811912368475,1.0,0.75
Dehradun,Uttarakhand,2019-08,22.767419354838708,73.43709677419355,148.80597502868753,1.45,1.09
Dehradun,Uttarakhand,2019-09,21.465666666666667,59.01833333333333,150.7915480699706,1.0,0.75
Dehradun,Uttarakhand,2019-10,19.364516129032257,48.12935483870968,152.76365300234417,2.55,1.92
Dehradun,Uttarakhand,2019-11,17.830666666666666,42.31733333333333,145.09788479745973,1.0,0.75
Dehradun,Uttarakhand,2019-12,16.726774193548387,41.809677419354834,153.94444123319872,3.05,2.28
Dehradun,Uttarakhand,2020-01,16.95387096774194,46.91967741935484,148.7697604166734,1.33,1.0
Dehradun,Uttarakhand,2020-02,19.23758620689655,41.43241379310345,147.14171717913044,1.0,0.75
Dehradun,Uttarakhand,2020-03,20.293870967741935,46.491290322580646,151.6311001002106,1.24,0.93
Dehradun,Uttarakhand,2020-04,22.57133333333333,45.4,153.62826732816958,1.0,0.75
Dehradun,Uttarakhand,2020-05,24.15258064516129,48.02322580645161,147.0462818511648,1.0,0.75
Dehradun,Uttarakhand,2020-06,25.252333333333336,65.12666666666667,154.52933489033526,7.23,5.42
Dehradun,Uttarakhand,2020-07,24.697741935483872,73.57645161290323,151.6499735723597,2.06,1.54
Dehradun,Uttarakhand,2020-08,22.910967741935483,72.19516129032259,149.66631154969423,5.06,3.8
Dehradun,Uttarakhand,2020-09,21.187333333333335,63.45166666666667,151.88585700458916,1.0,0.75
Dehradun,Uttarakhand,2020-10,19.09774193548387,46.493870967741934,145.38153054799423,1.0,0.75
Dehradun,Uttarakhand,2020-11,17.65266666666667,44.14066666666667,153.28349017673833,1.0,0.75
Dehradun,Uttarakhand,2020-12,17.451,45.657000000000004,147.22183444022878,3.81,2.86
Guwahati,Assam,2019-01,20.764193548387095,45.248709677419356,802.3924687428909,1.0,0.75
Guwahati,Assam,2019-02,22.506428571428575,43.15571428571428,811.9481143960314,1.0,0.75
Guwahati,Assam,2019-03,24.01451612903226,40.04032258064516,796.8685548950526,4.91,3.68
Guwahati,Assam,2019-04,26.050666666666665,44.80533333333334,812.7131869538614,8.74,6.55
Guwahati,Assam,2019-05,28.01516129032258,47.6341935483871,808.6854259530085,18.88,14.16
Guwahati,Assam,2019-06,27.851666666666667,63.54,805.1046834884538,20.38,15.28
Guwahati,Assam,2019-07,28.017096774193547,76.8967741935484,824.4561646217284,19.85,14.88
Guwahati,Assam,2019-08,26.94193548387097,70.69193548387096,801.7605891003387,14.45,10.84
Guwahati,Assam,2019-09,24.56866666666667,60.26533333333334,792.6796923306397,3.21,2.41
Guwahati,Assam,2019-10,23.08645161290323,49.43387096774194,786.7460119100297,1.0,0.75
Guwahati,Assam,2019-11,21.430666666666664,45.207,801.751613568742,1.0,0.75
Guwahati,Assam,2019-12,20.66516129032258,42.61096774193548,806.9871249438968,3.19,2.39
Guwahati,Assam,2020-01,21.081612903225807,47.028387096774196,804.0110005611814,2.3,1.73
Guwahati,Assam,2020-02,22.638275862068966,43.60793103448276,792.6531657918952,1.11,0.83
Guwahati,Assam,2020-03,23.94,44.99161290322581,822.6042820321816,1.0,0.75
Guwahati,Assam,2020-04,26.317999999999998,44.67366666666667,813.2910865245468,9.07,6.8
Guwahati,Assam,2020-05,27.92774193548387,48.108709677419355,808.5037534865922,19.02,14.27
Guwahati,Assam,2020-06,28.274,61.54866666666667,800.5247447483333,23.83,17.87
Guwahati,Assam,2020-07,28.517096774193547,76.28645161290324,790.3047609954241,23.76,17.82
Guwahati,Assam,2020-08,26.918064516129032,71.74741935483871,822.1470880736489,17.22,12.91
Guwahati,Assam,2020-09,24.679,59.294333333333334,798.5509970709694,1.0,0.75
Guwahati,Assam,2020-10,22.603548387096776,48.25354838709677,793.2381460446796,1.0,0.75
Guwahati,Assam,2020-11,21.030666666666665,47.43,832.379499328825,1.98,1.49
Guwahati,Assam,2020-12,20.395333333333333,46.98233333333334,816.9325181519175,1.0,0.75
Hyderabad,Telangana,2019-01,22.384838709677418,45.28645161290323,8869.090694972025,17.68,13.26
Hyderabad,Telangana,2019-02,24.60892857142857,46.013214285714284,8990.711487304141,20.28,15.21
Hyderabad,Telangana,2019-03,26.034193548387094,45.25677419354839,9088.72215382737,26.63,19.97
Hyderabad,Telangana,2019-04,28.204333333333334,43.90833333333333,9284.156558552473,39.73,29.8
Hyderabad,Telangana,2019-05,29.944193548387098,47.67774193548387,9297.006168754475,45.52,34.14
Hyderabad,Telangana,2019-06,30.616666666666667,65.25166666666667,8958.375056445971,50.36,37.77
Hyderabad,Telangana,2019-07,29.88774193548387,75.15096774193547,8900.309400103404,47.35,35.51
Hyderabad,Telangana,2019-08,28.519354838709678,71.75387096774193,9069.442329710111,39.71,29.79
Hyderabad,Telangana,2019-09,26.720000000000002,61.45366666666666,8816.702630129115,26.5,19.88
Hyderabad,Telangana,2019-10,25.324516129032258,45.594193548387096,8815.856743193337,20.49,15.37
Hyderabad,Telangana,2019-11,23.081,44.419,8679.832058022308,16.4,12.3
Hyderabad,Telangana,2019-12,22.272903225806452,45.038387096774194,8896.872370767704,19.17,14.38
Hyderabad,Telangana,2020-01,23.27064516129032,45.163225806451614,8878.320045969884,18.42,13.81
Hyderabad,Telangana,2020-02,24.20034482758621,41.538275862068964,9033.832701977935,20.26,15.2
Hyderabad,Telangana,2020-03,26.37451612903226,41.722580645161294,8851.51780185277,27.57,20.68
Hyderabad,Telangana,2020-04,27.677333333333333,45.557,9068.967147954801,39.79,29.85
Hyderabad,Telangana,2020-05,29.813225806451616,48.211612903225806,9044.300324370402,47.0,35.25
Hyderabad,Telangana,2020-06,30.216666666666665,62.514,8982.295076662698,50.25,37.69
Hyderabad,Telangana,2020-07,29.990967741935485,77.5241935483871,8921.108024657888,48.78,36.59
Hyderabad,Telangana,2020-08,29.055806451612902,71.89516129032258,8968.647656366204,45.47,34.1
Hyderabad,Telangana,2020-09,26.982000000000003,57.13333333333333,9162.063731744187,35.66,26.74
Hyderabad,Telangana,2020-10,24.73032258064516,48.30258064516129,9103.302427189888,20.74,15.56
Hyderabad,Telangana,2020-11,22.947333333333333,46.93266666666667,9027.838524006102,18.62,13.96
Hyderabad,Telangana,2020-12,22.721999999999998,43.266,9087.271570194025,20.73,15.55
Indore,Madhya Pradesh,2019-01,22.01516129032258,43.991290322580646,805.2136032445567,1.0,0.75
Indore,Madhya Pradesh,2019-02,23.306428571428572,41.098571428571425,803.4066669763366,1.0,0.75
Indore,Madhya Pradesh,2019-03,24.700000000000003,42.836129032258064,797.9003095207087,1.0,0.75
Indore,Madhya Pradesh,2019-04,27.700333333333333,44.79,791.9629681849328,18.67,14.01
Indore,Madhya Pradesh,2019-05,28.42064516129032,49.18387096774194,810.6473518401071,20.96,15.72
Indore,Madhya Pradesh,2019-06,29.238,64.99633333333333,801.1565128092885,29.13,21.85
Indore,Madhya Pradesh,2019-07,29.094193548387096,74.36096774193548,793.9869438426082,26.45,19.84
Indore,Madhya Pradesh,2019-08,27.830322580645163,75.15032258064515,805.2201254197922,16.39,12.29
Indore,Madhya Pradesh,2019-09,25.929,62.24,807.8363408885579,8.39,6.29
Indore,Madhya Pradesh,2019-10,24.18322580645161,47.756129032258066,791.8449677903274,1.55,1.16
Indore,Madhya Pradesh,2019-11,22.17866666666667,43.36633333333334,793.9842521822445,1.07,0.8
Indore,Madhya Pradesh,2019-12,21.59,45.69806451612904,783.2346943225214,1.25,0.93
Indore,Madhya Pradesh,2020-01,21.824193548387097,45.37,807.5011681073302,1.96,1.47
Indore,Madhya Pradesh,2020-02,23.4248275862069,42.94655172413793,796.0168220287992,1.8,1.35
Indore,Madhya Pradesh,2020-03,25.019354838709678,43.70451612903226,818.0575874085831,4.44,3.33
Indore,Madhya Pradesh,2020-04,27.236,44.244,795.7426708550071,16.18,12.14
Indore,Madhya Pradesh,2020-05,28.90806451612903,48.52129032258065,787.5105118892826,25.25,18.94
Indore,Madhya Pradesh,2020-06,29.201,59.40133333333333,804.5482836832401,27.44,20.58
Indore,Madhya Pradesh,2020-07,29.541935483870965,77.63774193548387,785.9177822194305,29.38,22.04
Indore,Madhya Pradesh,2020-08,27.831290322580646,71.17806451612903,793.841145674749,17.65,13.24
Indore,Madhya Pradesh,2020-09,25.791,62.67166666666667,801.7644637889291,6.38,4.78
Indore,Madhya Pradesh,2020-10,24.023548387096774,48.738064516129036,787.4653941142391,1.38,1.03
Indore,Madhya Pradesh,2020-11,22.376666666666665,44.323,799.5903469828755,1.0,0.75
Indore,Madhya Pradesh,2020-12,21.514333333333333,46.682,802.0762848990664,3.87,2.9
Jaipur,Rajasthan,2019-01,22.648387096774194,47.45935483870968,796.0120610347653,2.34,1.76
Jaipur,Rajasthan,2019-02,23.66357142857143,44.00535714285714,782.0690042358355,1.0,0.75
Jaipur,Rajasthan,2019-03,25.656129032258065,41.634838709677425,788.4095895847151,8.53,6.4
Jaipur,Rajasthan,2019-04,27.68166666666667,47.41166666666666,782.9608841263263,17.42,13.06
Jaipur,Rajasthan,2019-05,29.401290322580646,50.20870967741936,794.9375422735336,29.35,22.01
Jaipur,Rajasthan,2019-06,30.40666666666667,62.04266666666667,775.3489211633066,33.96,25.47
Jaipur,Rajasthan,2019-07,29.565483870967743,78.45387096774193,792.8040752111158,29.78,22.34
Jaipur,Rajasthan,2019-08,27.765483870967742,75.11935483870967,811.3548282197434,18.96,14.22
Jaipur,Rajasthan,2019-09,26.862666666666666,61.95633333333333,779.9742337733278,10.83,8.12
Jaipur,Rajasthan,2019-10,24.47451612903226,48.71645161290323,777.8967285450086,4.04,3.03
Jaipur,Rajasthan,2019-11,22.68566666666667,44.87,836.0188095100351,1.0,0.75
Jaipur,Rajasthan,2019-12,21.977741935483873,43.95193548387097,806.117531430236,1.0,0.75
Jaipur,Rajasthan,2020-01,22.33483870967742,41.607419354838704,806.9239813694444,1.04,0.78
Jaipur,Rajasthan,2020-02,24.2,43.28137931034483,838.315811414605,2.51,1.88
Jaipur,Rajasthan,2020-03,25.34774193548387,46.950322580645164,803.0270480305302,2.85,2.14
Jaipur,Rajasthan,2020-04,27.568666666666665,45.11033333333333,805.1562033466781,20.54,15.4
Jaipur,Rajasthan,2020-05,28.96193548387097,48.04870967741935,766.3941449050071,27.23,20.42
Jaipur,Rajasthan,2020-06,29.689,64.22766666666666,816.8668886724639,29.01,21.76
Jaipur,Rajasthan,2020-07,29.498709677419356,77.0058064516129,798.412740787507,29.16,21.87
Jaipur,Rajasthan,2020-08,28.10709677419355,73.04870967741935,802.5155367621559,23.52,17.64
Jaipur,Rajasthan,2020-09,26.192666666666664,62.29533333333333,786.2674737066995,8.93,6.7
Jaipur,Rajasthan,2020-10,24.786774193548386,48.880967741935486,779.9843597470291,3.3,2.47
Jaipur,Rajasthan,2020-11,22.850666666666665,48.89566666666666,792.8032271222297,4.56,3.42
Jaipur,Rajasthan,2020-12,21.743999999999996,44.869,792.4970496903233,3.61,2.71
Jodhpur,Rajasthan,2019-01,23.502903225806453,45.38709677419355,147.04868730404814,1.0,0.75
Jodhpur,Rajasthan,2019-02,24.636071428571427,43.353928571428575,147.74484314166315,3.13,2.35
Jodhpur,Rajasthan,2019-03,26.274838709677418,41.73193548387097,146.1401974478708,10.79,8.09
Jodhpur,Rajasthan,2019-04,28.357666666666667,47.03866666666667,155.81086625241616,20.98,15.74
Jodhpur,Rajasthan,2019-05,30.206451612903226,49.262903225806454,148.69516080220262,34.11,25.58
Jodhpur,Rajasthan,2019-06,31.014666666666667,65.76766666666667,149.8375132149201,36.38,27.28
Jodhpur,Rajasthan,2019-07,30.97225806451613,74.7216129032258,154.24074427154414,41.89,31.42
Jodhpur,Rajasthan,2019-08,29.180967741935483,72.27677419354839,151.3263108381541,24.87,18.66
Jodhpur,Rajasthan,2019-09,27.476,59.42933333333334,151.69658943985007,13.44,10.08
Jodhpur,Rajasthan,2019-10,25.529354838709676,51.16161290322581,154.55198521719728,5.58,4.18
Jodhpur,Rajasthan,2019-11,23.187666666666665,43.16233333333333,150.12096187252553,1.0,0.75
Jodhpur,Rajasthan,2019-12,23.03290322580645,42.07032258064516,149.9209625024572,1.0,0.75
Jodhpur,Rajasthan,2020-01,23.303870967741933,45.0258064516129,151.32748602384015,1.0,0.75
Jodhpur,Rajasthan,2020-02,24.432413793103446,45.362758620689654,152.87759944203282,2.75,2.07
Jodhpur,Rajasthan,2020-03,26.38032258064516,41.06193548387097,152.36851051848822,12.9,9.68
Jodhpur,Rajasthan,2020-04,28.207,47.01266666666666,144.1164158861402,20.63,15.47
Jodhpur,Rajasthan,2020-05,30.405806451612904,48.802258064516124,149.45999055446967,35.68,26.76
Jodhpur,Rajasthan,2020-06,31.257333333333335,62.652,148.9925567546951,38.17,28.62
Jodhpur,Rajasthan,2020-07,30.299354838709675,76.78064516129032,149.01289861789638,34.31,25.73
Jodhpur,Rajasthan,2020-08,29.504516129032258,71.76677419354839,147.75679530961656,27.55,20.67
Jodhpur,Rajasthan,2020-09,27.281,64.06533333333333,150.26075467206434,19.2,14.4
Jodhpur,Rajasthan,2020-10,24.999354838709678,47.82258064516129,147.48069003250458,5.88,4.41
Jodhpur,Rajasthan,2020-11,23.533666666666665,45.02166666666667,152.30339663241932,1.0,0.75
Jodhpur,Rajasthan,2020-12,22.977666666666668,45.80133333333333,155.11603997928881,1.0,0.75
Kochi,Kerala,2019-01,24.120967741935484,46.43096774193549,3496.721581872859,3.22,2.41
Kochi,Kerala,2019-02,25.131428571428568,42.08,3560.2554817357072,12.54,9.4
Kochi,Kerala,2019-03,26.938709677419357,41.23483870967742,3482.1999004069935,23.0,17.25
Kochi,Kerala,2019-04,29.052666666666667,43.98166666666667,3499.741140109428,32.21,24.16
Kochi,Kerala,2019-05,30.40806451612903,48.8558064516129,3489.580449121632,42.18,31.64
Kochi,Kerala,2019-06,31.52333333333333,62.522666666666666,3438.331077520353,47.0,35.25
Kochi,Kerala,2019-07,30.719032258064516,75.25,3432.9343588683296,43.75,32.81
Kochi,Kerala,2019-08,29.832580645161293,73.7558064516129,3478.1100890054204,35.92,26.94
Kochi,Kerala,2019-09,28.032666666666668,60.784666666666666,3511.71832370519,27.21,20.4
Kochi,Kerala,2019-10,25.84741935483871,49.06354838709677,3574.409440946859,11.75,8.81
Kochi,Kerala,2019-11,24.273666666666667,45.777,3524.240361463438,6.88,5.16
Kochi,Kerala,2019-12,23.431935483870966,44.63387096774194,3620.791863010428,5.8,4.35
Kochi,Kerala,2020-01,23.732580645161292,45.37516129032259,3585.465669424326,8.59,6.45
Kochi,Kerala,2020-02,25.290344827586207,39.97896551724138,3512.0027743372,6.3,4.72
Kochi,Kerala,2020-03,26.966129032258067,42.17451612903226,3502.740818618619,23.28,17.46
Kochi,Kerala,2020-04,29.188,45.428,3625.7690339783076,37.1,27.83
Kochi,Kerala,2020-05,30.718064516129033,51.45161290322581,3469.7779434722374,41.89,31.42
Kochi,Kerala,2020-06,31.426333333333332,66.392,3411.356068679248,44.05,33.04
Kochi,Kerala,2020-07,31.223548387096773,77.87709677419355,3462.682255034679,50.31,37.73
Kochi,Kerala,2020-08,30.039677419354838,72.15838709677419,3535.8525208882875,38.82,29.11
Kochi,Kerala,2020-09,27.508,62.495666666666665,3526.568071048484,21.83,16.38
Kochi,Kerala,2020-10,25.528387096774193,50.70322580645161,3433.0751689721337,11.74,8.81
Kochi,Kerala,2020-11,24.088666666666665,44.932,3473.3550381012633,6.98,5.24
Kochi,Kerala,2020-12,23.677,43.00266666666666,3535.490348001278,9.96,7.47
Kolkata,West Bengal,2019-01,23.679032258064513,45.4441935483871,8861.97413918475,17.67,13.25
Kolkata,West Bengal,2019-02,24.360357142857143,37.855357142857144,8447.732173225213,17.88,13.41
Kolkata,West Bengal,2019-03,26.39483870967742,44.26451612903226,9018.007357584629,28.36,21.27
Kolkata,West Bengal,2019-04,28.303,43.523,9050.753720517123,38.73,29.05
Kolkata,West Bengal,2019-05,30.406774193548387,47.14290322580646,9217.537725148308,49.84,37.38
Kolkata,West Bengal,2019-06,31.082666666666668,63.861999999999995,8775.244286264962,56.35,42.26
Kolkata,West Bengal,2019-07,30.261935483870968,76.02645161290323,9068.431464598181,48.28,36.21
Kolkata,West Bengal,2019-08,29.161612903225805,72.18580645161289,8892.869036804817,44.75,33.56
Kolkata,West Bengal,2019-09,27.054666666666666,63.164,9256.510946850844,29.88,22.41
Kolkata,West Bengal,2019-10,25.190322580645162,49.244193548387095,8820.991133922324,21.34,16.01
Kolkata,West Bengal,2019-11,24.080333333333332,43.94233333333333,8911.418605043518,18.81,14.11
Kolkata,West Bengal,2019-12,22.81,47.115483870967736,9171.57929008557,14.29,10.72
Kolkata,West Bengal,2020-01,22.740645161290324,43.872903225806446,9143.808464212689,16.3,12.23
Kolkata,West Bengal,2020-02,24.100344827586206,44.47689655172414,8935.426177598581,17.12,12.84
Kolkata,West Bengal,2020-03,26.596774193548388,43.38387096774194,9113.329259304419,28.38,21.28
Kolkata,West Bengal,2020-04,28.818666666666665,47.45366666666667,9301.266048536532,42.56,31.92
Kolkata,West Bengal,2020-05,30.15967741935484,48.96967741935484,9130.4363482441,51.38,38.54
Kolkata,West Bengal,2020-06,30.354666666666667,63.169666666666664,9142.009290569016,54.17,40.63
Kolkata,West Bengal,2020-07,30.57225806451613,77.62096774193549,8661.278280714589,53.08,39.81
Kolkata,West Bengal,2020-08,28.976774193548387,71.7258064516129,9326.721104196087,43.6,32.7
Kolkata,West Bengal,2020-09,26.890666666666668,61.98133333333333,9173.474915513745,29.03,21.77
Kolkata,West Bengal,2020-10,25.048387096774192,50.29677419354839,9336.33778294347,22.57,16.92
Kolkata,West Bengal,2020-11,23.994666666666667,42.977,8949.78542359616,19.83,14.87
Kolkata,West Bengal,2020-12,22.445666666666668,44.802,9382.413486320094,19.14,14.36
Lucknow,Uttar Pradesh,2019-01,23.427419354838708,45.993870967741934,3488.0554994787035,8.73,6.55
Lucknow,Uttar Pradesh,2019-02,23.918928571428573,40.93214285714286,3364.536619747402,11.28,8.46
Lucknow,Uttar Pradesh,2019-03,25.962580645161292,44.92741935483871,3442.8762434495547,10.45,7.84
Lucknow,Uttar Pradesh,2019-04,27.47533333333333,41.768,3477.8437756481285,21.52,16.14
Lucknow,Uttar Pradesh,2019-05,29.658709677419353,45.696774193548386,3572.0594171726148,36.77,27.58
Lucknow,Uttar Pradesh,2019-06,30.172666666666665,60.438,3460.370342390142,44.38,33.29
Lucknow,Uttar Pradesh,2019-07,30.36483870967742,74.80580645161291,3487.30393356457,37.83,28.37
Lucknow,Uttar Pradesh,2019-08,28.706774193548387,73.44967741935484,3533.796398227347,29.13,21.85
Lucknow,Uttar Pradesh,2019-09,26.719333333333335,62.812666666666665,3545.00513764449,19.63,14.72
Lucknow,Uttar Pradesh,2019-10,24.738064516129032,46.21387096774193,3486.2646147676946,11.12,8.34
Lucknow,Uttar Pradesh,2019-11,23.589,43.31066666666666,3404.096730098157,3.01,2.26
Lucknow,Uttar Pradesh,2019-12,22.299677419354836,44.399354838709684,3491.705432431833,5.73,4.3
Lucknow,Uttar Pradesh,2020-01,22.89,45.51129032258064,3427.26107976822,6.99,5.24
Lucknow,Uttar Pradesh,2020-02,24.343793103448277,42.03655172413793,3360.0258835168866,4.96,3.72
Lucknow,Uttar Pradesh,2020-03,26.59225806451613,44.45967741935484,3437.4352031884473,15.43,11.57
Lucknow,Uttar Pradesh,2020-04,28.172666666666665,46.900333333333336,3425.451344851713,30.76,23.07
Lucknow,Uttar Pradesh,2020-05,29.79,48.75322580645161,3506.0193458142217,36.67,27.5
Lucknow,Uttar Pradesh,2020-06,30.543,66.31933333333333,3428.09794281688,42.75,32.06
Lucknow,Uttar Pradesh,2020-07,29.779354838709676,72.93806451612903,3632.520347547307,36.51,27.39
Lucknow,Uttar Pradesh,2020-08,28.859032258064516,73.66935483870968,3569.9368676790045,32.43,24.32
Lucknow,Uttar Pradesh,2020-09,26.865666666666666,60.382333333333335,3497.884625032102,17.34,13.01
Lucknow,Uttar Pradesh,2020-10,24.898387096774194,47.803548387096775,3505.735443492752,10.52,7.89
Lucknow,Uttar Pradesh,2020-11,23.170333333333335,41.576,3548.719033851837,13.73,10.3
Lucknow,Uttar Pradesh,2020-12,22.814666666666668,43.396,3499.7045785149844,6.28,4.71
Mumbai,Maharashtra,2019-01,23.419032258064515,43.91483870967742,8924.874330428966,21.7,16.27
Mumbai,Maharashtra,2019-02,24.301428571428573,43.24392857142857,9130.117494931506,16.81,12.61
Mumbai,Maharashtra,2019-03,26.87258064516129,42.215806451612906,8961.589764780292,33.88,25.41
Mumbai,Maharashtra,2019-04,28.370333333333335,42.53966666666667,9120.494944513284,38.05,28.54
Mumbai,Maharashtra,2019-05,30.43,47.54064516129032,9104.055501675723,53.15,39.86
Mumbai,Maharashtra,2019-06,31.205333333333332,61.52166666666667,9007.481510712503,57.35,43.02
Mumbai,Maharashtra,2019-07,30.28774193548387,76.01,9174.73544511105,53.89,40.42
Mumbai,Maharashtra,2019-08,29.738709677419354,71.34806451612903,9134.452602110428,47.75,35.81
Mumbai,Maharashtra,2019-09,27.057000000000002,62.458,8961.206450046748,28.71,21.54
Mumbai,Maharashtra,2019-10,25.09741935483871,49.51709677419355,8947.065686867121,17.19,12.89
Mumbai,Maharashtra,2019-11,24.137333333333334,44.674,8899.271404927107,20.37,15.28
Mumbai,Maharashtra,2019-12,22.916451612903224,42.156451612903226,9053.308456191782,14.86,11.14
Mumbai,Maharashtra,2020-01,23.304516129032258,43.54709677419355,8846.327614473923,15.63,11.72
Mumbai,Maharashtra,2020-02,24.933103448275862,46.329655172413794,8910.06894170006,19.11,14.33
Mumbai,Maharashtra,2020-03,26.718387096774194,44.001612903225805,8991.514798233069,27.37,20.53
Mumbai,Maharashtra,2020-04,28.87,46.54333333333333,9235.85404453025,41.61,31.21
Mumbai,Maharashtra,2020-05,30.449677419354842,47.990645161290324,8625.35839891505,51.61,38.71
Mumbai,Maharashtra,2020-06,30.586333333333336,64.51466666666667,9011.879928196193,51.35,38.51
Mumbai,Maharashtra,2020-07,30.83451612903226,73.72806451612904,9011.567720219264,57.23,42.92
Mumbai,Maharashtra,2020-08,29.173870967741934,74.42483870967742,8850.905388705067,43.69,32.77
Mumbai,Maharashtra,2020-09,27.19633333333333,60.038333333333334,9174.023629463258,33.75,25.31
Mumbai,Maharashtra,2020-10,25.330645161290324,48.37645161290323,9087.795910166162,21.87,16.4
Mumbai,Maharashtra,2020-11,24.069000000000003,41.52833333333333,8790.305290595597,17.79,13.34
Mumbai,Maharashtra,2020-12,23.107666666666667,42.258,9211.063773200602,17.56,13.17
Nagpur,Maharashtra,2019-01,23.93548387096774,43.847419354838706,803.0295719799373,1.0,0.75
Nagpur,Maharashtra,2019-02,25.860000000000003,43.57857142857143,818.8411973985583,5.85,4.39
Nagpur,Maharashtra,2019-03,27.523870967741935,44.50483870967742,793.8926536067621,15.35,11.51
Nagpur,Maharashtra,2019-04,28.855999999999998,43.967999999999996,803.5704250183547,25.75,19.31
Nagpur,Maharashtra,2019-05,30.924193548387095,48.92,811.2934544710786,38.87,29.16
Nagpur,Maharashtra,2019-06,30.984333333333332,61.78633333333333,806.8610388003393,38.43,28.82
Nagpur,Maharashtra,2019-07,31.128387096774194,75.63709677419355,793.9850133268617,41.83,31.38
Nagpur,Maharashtra,2019-08,29.95935483870968,73.21451612903226,800.5061043379875,30.98,23.24
Nagpur,Maharashtra,2019-09,27.757,61.754666666666665,795.5995790681567,16.47,12.35
Nagpur,Maharashtra,2019-10,25.73225806451613,47.08032258064516,780.4585903432826,8.29,6.22
Nagpur,Maharashtra,2019-11,24.37633333333333,45.972,818.5833761305878,4.68,3.51
Nagpur,Maharashtra,2019-12,23.320645161290326,42.77322580645161,804.4713021365363,2.28,1.71
Nagpur,Maharashtra,2020-01,24.42838709677419,43.36354838709677,765.1102932304632,1.38,1.03
Nagpur,Maharashtra,2020-02,25.08586206896552,41.69068965517241,779.0276208874964,4.69,3.52
Nagpur,Maharashtra,2020-03,26.83483870967742,42.54709677419355,800.4824885748643,17.42,13.07
Nagpur,Maharashtra,2020-04,28.641000000000002,46.358333333333334,814.2809637204317,20.83,15.62
Nagpur,Maharashtra,2020-05,30.4741935483871,45.54129032258064,806.2166768100005,36.07,27.05
Nagpur,Maharashtra,2020-06,31.351999999999997,65.52066666666666,821.3826345630221,37.27,27.96
Nagpur,Maharashtra,2020-07,31.315483870967743,76.61806451612902,792.0522138304905,40.02,30.02
Nagpur,Maharashtra,2020-08,29.33709677419355,73.3458064516129,822.4137906431023,27.87,20.9
Nagpur,Maharashtra,2020-09,27.561,59.352666666666664,821.4985875473284,17.98,13.49
Nagpur,Maharashtra,2020-10,25.807419354838707,47.32258064516129,815.2127388509032,8.31,6.23
Nagpur,Maharashtra,2020-11,24.049666666666667,45.147000000000006,770.8034337077188,3.02,2.26
Nagpur,Maharashtra,2020-12,23.345333333333333,45.301,815.4188300034165,1.0,0.75
Patna,Bihar,2019-01,22.100967741935484,44.27225806451613,3459.122025422056,6.83,5.12
Patna,Bihar,2019-02,23.739285714285717,43.973571428571425,3510.8034637154087,9.07,6.8
Patna,Bihar,2019-03,25.194193548387098,43.57967741935484,3542.6409216109873,10.36,7.77
Patna,Bihar,2019-04,27.184666666666665,44.606,3510.6899831328037,18.24,13.68
Patna,Bihar,2019-05,28.898064516129033,46.953870967741935,3442.186895320932,26.92,20.19
Patna,Bihar,2019-06,30.579,61.86533333333333,3478.600035115171,38.76,29.07
Patna,Bihar,2019-07,29.718387096774194,75.59806451612903,3481.1664705774897,36.04,27.03
Patna,Bihar,2019-08,28.591290322580647,73.54032258064517,3464.6240977132825,26.76,20.07
Patna,Bihar,2019-09,26.23933333333333,59.882666666666665,3450.1772644066878,13.95,10.46
Patna,Bihar,2019-10,24.42774193548387,47.91967741935484,3422.627572587161,9.34,7.01
Patna,Bihar,2019-11,22.178,41.61866666666666,3411.0903334879767,3.17,2.38
Patna,Bihar,2019-12,22.645806451612902,45.276774193548384,3499.361552133847,8.61,6.46
Patna,Bihar,2020-01,22.378064516129033,44.17322580645161,3465.92612040717,7.5,5.63
Patna,Bihar,2020-02,23.812413793103445,40.77448275862069,3543.3819770237033,6.36,4.77
Patna,Bihar,2020-03,25.616129032258065,42.07645161290322,3506.2331195882384,8.74,6.56
Patna,Bihar,2020-04,27.772666666666666,43.10733333333334,3596.920217294878,23.21,17.41
Patna,Bihar,2020-05,29.2041935483871,49.1641935483871,3428.3421788109317,33.36,25.02
Patna,Bihar,2020-06,30.046666666666667,63.86300000000001,3530.848261607833,34.36,25.77
Patna,Bihar,2020-07,29.460967741935484,78.43064516129031,3412.9910437896656,33.59,25.19
Patna,Bihar,2020-08,28.066129032258065,73.0725806451613,3592.463293965102,25.38,19.04
Patna,Bihar,2020-09,26.153666666666666,62.884,3461.9795849747234,9.61,7.21
Patna,Bihar,2020-10,24.2558064516129,49.8416129032258,3489.7325195861094,5.13,3.85
Patna,Bihar,2020-11,22.343666666666664,43.56933333333333,3433.81406338461,7.68,5.76
Patna,Bihar,2020-12,22.329666666666665,44.327666666666666,3487.678449657808,6.09,4.56
Pune,Maharashtra,2019-01,21.126451612903224,46.289032258064516,3439.477021735561,9.85,7.39
Pune,Maharashtra,2019-02,22.0275,42.362857142857145,3510.2402796379974,9.71,7.28
Pune,Maharashtra,2019-03,24.04064516129032,46.78354838709677,3531.914877338015,4.29,3.22
Pune,Maharashtra,2019-04,26.508666666666667,46.47933333333334,3501.8587782289455,13.36,10.02
Pune,Maharashtra,2019-05,28.063870967741938,49.0516129032258,3519.9078026642037,27.19,20.39
Pune,Maharashtra,2019-06,28.773666666666667,62.12766666666666,3512.990062034027,30.1,22.57
Pune,Maharashtra,2019-07,27.97483870967742,75.65354838709678,3437.7348129692214,26.41,19.81
Pune,Maharashtra,2019-08,26.70935483870968,74.83225806451614,3476.1833903493402,18.97,14.23
Pune,Maharashtra,2019-09,24.7,62.23833333333334,3417.0824884380554,9.04,6.78
Pune,Maharashtra,2019-10,23.092903225806452,47.82096774193548,3464.284978227863,5.13,3.84
Pune,Maharashtra,2019-11,21.375666666666667,43.91733333333333,3461.492951973912,8.27,6.21
Pune,Maharashtra,2019-12,20.978387096774195,43.26516129032258,3431.498317696581,10.43,7.83
Pune,Maharashtra,2020-01,20.94677419354839,45.673870967741934,3591.8154614915316,5.19,3.89
Pune,Maharashtra,2020-02,22.279655172413793,43.174827586206895,3474.1371205408213,10.23,7.67
Pune,Maharashtra,2020-03,23.785806451612903,44.84548387096774,3504.6597689582127,6.39,4.79
Pune,Maharashtra,2020-04,26.351333333333333,43.25333333333333,3506.491016684119,16.59,12.44
Pune,Maharashtra,2020-05,27.88225806451613,47.089999999999996,3453.318228228628,23.09,17.32
Pune,Maharashtra,2020-06,28.701,64.331,3525.7927484874967,27.48,20.61
Pune,Maharashtra,2020-07,27.86193548387097,76.46967741935484,3536.7505755995994,26.64,19.98
Pune,Maharashtra,2020-08,26.638709677419353,71.25,3514.02134739295,15.16,11.37
Pune,Maharashtra,2020-09,24.884999999999998,62.906333333333336,3425.0477246774403,9.88,7.41
Pune,Maharashtra,2020-10,22.96483870967742,48.82258064516129,3483.581789494195,6.1,4.58
Pune,Maharashtra,2020-11,21.26966666666667,44.62966666666667,3538.186067893012,10.99,8.25
Pune,Maharashtra,2020-12,20.563333333333333,44.07166666666667,3377.304643461944,5.66,4.25
Raipur,Chhattisgarh,2019-01,21.98,46.34129032258064,786.5923175037171,1.0,0.75
Raipur,Chhattisgarh,2019-02,23.180714285714284,43.309285714285714,795.7551699774464,4.46,3.34
Raipur,Chhattisgarh,2019-03,25.223870967741934,46.494516129032256,790.6579325698224,4.64,3.48
Raipur,Chhattisgarh,2019-04,27.944666666666667,46.41,789.2045939947915,17.83,13.37
Raipur,Chhattisgarh,2019-05,28.884516129032257,47.44064516129033,789.6791517532683,26.48,19.86
Raipur,Chhattisgarh,2019-06,29.829333333333334,62.99033333333333,800.4931300571476,32.31,24.24
Raipur,Chhattisgarh,2019-07,29.783870967741933,75.58645161290322,780.7805942789543,31.02,23.27
Raipur,Chhattisgarh,2019-08,28.59483870967742,72.42870967741935,784.1818563959455,21.89,16.42
Raipur,Chhattisgarh,2019-09,26.400333333333332,59.35066666666667,791.8381374404692,11.07,8.3
Raipur,Chhattisgarh,2019-10,23.91548387096774,49.35548387096774,792.7949391357056,3.31,2.48
Raipur,Chhattisgarh,2019-11,22.83,41.615,812.6340818385131,1.56,1.17
Raipur,Chhattisgarh,2019-12,22.220322580645163,42.465161290322584,819.3254382901248,4.88,3.66
Raipur,Chhattisgarh,2020-01,22.68516129032258,47.70129032258065,814.2591770279943,1.0,0.75
Raipur,Chhattisgarh,2020-02,24.098620689655174,42.080689655172414,790.5574238945384,1.0,0.75
Raipur,Chhattisgarh,2020-03,25.52548387096774,44.649677419354845,821.6311205713853,8.55,6.41
Raipur,Chhattisgarh,2020-04,28.095666666666666,43.39633333333334,770.9029273564541,22.95,17.21
Raipur,Chhattisgarh,2020-05,29.733548387096775,49.95935483870968,800.2019332308215,30.53,22.9
Raipur,Chhattisgarh,2020-06,29.858999999999998,63.660333333333334,794.327989099448,34.09,25.57
Raipur,Chhattisgarh,2020-07,30.050645161290323,77.13290322580644,797.4550007999393,29.64,22.23
Raipur,Chhattisgarh,2020-08,28.551935483870967,72.98935483870967,804.2558782422115,23.82,17.86
Raipur,Chhattisgarh,2020-09,26.404666666666667,63.05866666666667,795.4129784264799,10.16,7.62
Raipur,Chhattisgarh,2020-10,24.36064516129032,50.39,795.5470701494437,1.31,0.99
Raipur,Chhattisgarh,2020-11,22.490000000000002,44.92633333333333,802.1263244659948,4.71,3.53
Raipur,Chhattisgarh,2020-12,21.962333333333333,43.18933333333334,789.9430085893687,2.21,1.65
Ranchi,Jharkhand,2019-01,20.534193548387094,44.45290322580645,809.2750573104337,1.0,0.75
Ranchi,Jharkhand,2019-02,21.83535714285714,42.0725,794.3311937748156,2.61,1.96
Ranchi,Jharkhand,2019-03,23.662258064516127,42.04354838709677,813.4025676519727,5.58,4.19
Ranchi,Jharkhand,2019-04,25.74566666666667,44.33433333333333,785.4439000674864,4.0,3.0
Ranchi,Jharkhand,2019-05,27.36935483870968,48.450967741935486,811.4533977534895,12.48,9.36
Ranchi,Jharkhand,2019-06,27.551666666666666,63.544999999999995,805.0354503964195,15.62,11.71
Ranchi,Jharkhand,2019-07,28.00548387096774,78.03,773.4497035071821,16.52,12.39
Ranchi,Jharkhand,2019-08,26.74516129032258,72.10096774193549,784.8717410980711,12.29,9.21
Ranchi,Jharkhand,2019-09,23.984333333333332,61.527,797.2520381455194,1.45,1.08
Ranchi,Jharkhand,2019-10,22.191290322580645,46.358064516129026,793.7118924970795,4.8,3.6
Ranchi,Jharkhand,2019-11,20.755999999999997,42.62866666666666,801.9870166851595,6.18,4.64
Ranchi,Jharkhand,2019-12,20.217741935483872,42.02935483870968,815.8931410477247,1.0,0.75
Ranchi,Jharkhand,2020-01,20.458064516129035,47.00258064516129,807.1480557599438,4.03,3.02
Ranchi,Jharkhand,2020-02,21.82586206896552,44.293103448275865,804.8372006390651,2.67,2.01
Ranchi,Jharkhand,2020-03,23.69,46.33129032258064,803.6358646373573,1.63,1.22
Ranchi,Jharkhand,2020-04,25.732000000000003,45.47633333333333,819.4907037717853,9.73,7.3
Ranchi,Jharkhand,2020-05,27.208387096774196,48.69806451612904,789.9011496948167,13.36,10.02
Ranchi,Jharkhand,2020-06,28.040000000000003,64.68166666666667,795.3919193204306,20.27,15.2
Ranchi,Jharkhand,2020-07,27.94,76.25774193548386,779.781127972353,18.07,13.55
Ranchi,Jharkhand,2020-08,26.07225806451613,74.0341935483871,783.3278255478887,8.83,6.62
Ranchi,Jharkhand,2020-09,24.42233333333333,60.11933333333333,791.1436212771071,5.89,4.41
Ranchi,Jharkhand,2020-10,22.361290322580647,47.53967741935484,805.9300398240608,2.62,1.96
Ranchi,Jharkhand,2020-11,20.879,44.367,791.5586548279039,1.0,0.75
Ranchi,Jharkhand,2020-12,20.074666666666666,41.504000000000005,790.6018641488223,1.0,0.75
Shimla,Himachal Pradesh,2019-01,11.575806451612904,46.042258064516126,151.27012718178682,13.57,10.17
Shimla,Himachal Pradesh,2019-02,12.90392857142857,42.06714285714286,145.61597291807078,9.01,6.76
Shimla,Himachal Pradesh,2019-03,14.38774193548387,43.87483870967741,151.9385027716726,3.95,2.96
Shimla,Himachal Pradesh,2019-04,16.823666666666664,43.50633333333334,146.52757046858173,3.72,2.79
Shimla,Himachal Pradesh,2019-05,18.90258064516129,44.82096774193548,147.90074926689954,1.0,0.75
Shimla,Himachal Pradesh,2019-06,18.566333333333333,66.53466666666667,150.09795237165866,1.06,0.8
Shimla,Himachal Pradesh,2019-07,18.49741935483871,77.0058064516129,152.96896167462586,1.29,0.97
Shimla,Himachal Pradesh,2019-08,17.463870967741936,73.5441935483871,153.63834437757865,1.19,0.89
Shimla,Himachal Pradesh,2019-09,15.302666666666665,59.550333333333334,151.1194828392339,7.26,5.45
Shimla,Himachal Pradesh,2019-10,13.077741935483871,51.19935483870968,151.03267747344327,7.78,5.83
Shimla,Himachal Pradesh,2019-11,12.087666666666667,44.742333333333335,153.1753226982223,9.63,7.22
Shimla,Himachal Pradesh,2019-12,10.445806451612903,41.92451612903226,154.48149274207196,15.21,11.41
Shimla,Himachal Pradesh,2020-01,11.560645161290322,42.45161290322581,153.20373309438773,12.88,9.66
Shimla,Himachal Pradesh,2020-02,12.737931034482758,45.287241379310345,141.2252653371211,11.73,8.8
Shimla,Himachal Pradesh,2020-03,14.903870967741934,44.76806451612903,147.26043042131977,5.58,4.19
Shimla,Himachal Pradesh,2020-04,16.742333333333335,45.656333333333336,149.51632466367383,3.08,2.31
Shimla,Himachal Pradesh,2020-05,17.92838709677419,44.542258064516126,149.49473550684226,3.45,2.59
Shimla,Himachal Pradesh,2020-06,18.764666666666667,64.81366666666666,155.17385833508894,1.0,0.75
Shimla,Himachal Pradesh,2020-07,18.981612903225805,77.65354838709678,149.29073754678765,1.0,0.75
Shimla,Himachal Pradesh,2020-08,17.148064516129033,73.8958064516129,149.58892154229366,3.3,2.48
Shimla,Himachal Pradesh,2020-09,15.075666666666667,61.151666666666664,150.94273205456736,3.96,2.97
Shimla,Himachal Pradesh,2020-10,13.266129032258064,49.42,153.59038451082102,6.38,4.78
Shimla,Himachal Pradesh,2020-11,11.661,44.55233333333333,147.36649053099387,10.15,7.61
Shimla,Himachal Pradesh,2020-12,11.403333333333334,43.272333333333336,147.7844739081087,12.38,9.28
Srinagar,Jammu & Kashmir,2019-01,9.132903225806452,48.16935483870968,148.20775957477235,18.92,14.19
Srinagar,Jammu & Kashmir,2019-02,11.154285714285715,42.362857142857145,145.96574277438899,13.6,10.2
Srinagar,Jammu & Kashmir,2019-03,12.137419354838709,43.924838709677424,152.68240071273843,12.61,9.46
Srinagar,Jammu & Kashmir,2019-04,14.572000000000001,46.837666666666664,148.31838504906602,8.39,6.29
Srinagar,Jammu & Kashmir,2019-05,16.163225806451614,47.37096774193548,152.86820911355161,4.69,3.52
Srinagar,Jammu & Kashmir,2019-06,17.366666666666667,63.98233333333334,153.61777226855278,2.03,1.52
Srinagar,Jammu & Kashmir,2019-07,16.823870967741936,75.6458064516129,150.39309612574905,1.32,0.99
Srinagar,Jammu & Kashmir,2019-08,14.898064516129033,72.70258064516129,149.17822629336197,6.08,4.56
Srinagar,Jammu & Kashmir,2019-09,13.810333333333334,59.91866666666667,145.35430968439508,10.43,7.83
Srinagar,Jammu & Kashmir,2019-10,11.466129032258063,50.86096774193548,149.6315599029641,15.16,11.37
Srinagar,Jammu & Kashmir,2019-11,9.841666666666667,45.46233333333334,151.33201182041128,16.79,12.59
Srinagar,Jammu & Kashmir,2019-12,9.003548387096775,40.45548387096774,151.41440410387605,16.35,12.26
Srinagar,Jammu & Kashmir,2020-01,9.380967741935484,44.114838709677414,148.04268056669696,15.93,11.95
Srinagar,Jammu & Kashmir,2020-02,11.00551724137931,45.907586206896546,152.1343687307816,13.05,9.79
Srinagar,Jammu & Kashmir,2020-03,12.850645161290323,41.83483870967742,155.74959479098658,12.05,9.04
Srinagar,Jammu & Kashmir,2020-04,14.896333333333333,47.186,149.26941668532714,9.71,7.28
Srinagar,Jammu & Kashmir,2020-05,16.47193548387097,46.527419354838706,151.9577396959283,5.4,4.05
Srinagar,Jammu & Kashmir,2020-06,16.494333333333334,65.82266666666666,150.96042288229577,1.0,0.75
Srinagar,Jammu & Kashmir,2020-07,16.750645161290322,75.11419354838709,145.73550897386392,2.86,2.15
Srinagar,Jammu & Kashmir,2020-08,15.46483870967742,70.87032258064517,148.69425043390916,4.73,3.55
Srinagar,Jammu & Kashmir,2020-09,13.431999999999999,58.62466666666667,149.37911067821992,7.65,5.74
Srinagar,Jammu & Kashmir,2020-10,11.448387096774193,49.902903225806455,147.08253049929218,14.94,11.21
Srinagar,Jammu & Kashmir,2020-11,9.633000000000001,41.114000000000004,153.75972493299722,14.93,11.2
Srinagar,Jammu & Kashmir,2020-12,8.608,42.861,153.63651182370242,16.05,12.04
Surat,Gujarat,2019-01,23.404838709677417,44.47064516129032,8980.364860790323,17.02,12.76
Surat,Gujarat,2019-02,25.28392857142857,42.48107142857143,9001.327181930905,25.9,19.43
Surat,Gujarat,2019-03,26.48774193548387,42.54258064516129,8897.799767116738,30.31,22.73
Surat,Gujarat,2019-04,28.323666666666668,46.14,9254.489006156182,40.0,30.0
Surat,Gujarat,2019-05,29.80548387096774,47.303548387096775,9196.766391898369,49.15,36.86
Surat,Gujarat,2019-06,31.424333333333333,64.899,8995.465233917093,58.18,43.63
Surat,Gujarat,2019-07,30.61935483870968,75.58806451612904,9289.975478301236,50.9,38.18
Surat,Gujarat,2019-08,29.65096774193548,72.21935483870968,9086.335533431264,46.83,35.12
Surat,Gujarat,2019-09,28.15266666666667,59.48866666666666,8821.34731240105,37.44,28.08
Surat,Gujarat,2019-10,25.41354838709677,50.174838709677424,9175.767391308887,20.47,15.36
Surat,Gujarat,2019-11,23.583000000000002,42.923,9050.271047077727,16.76,12.57
Surat,Gujarat,2019-12,22.883870967741935,42.60387096774193,9143.435869941779,21.18,15.88
Surat,Gujarat,2020-01,23.92838709677419,45.11258064516129,9201.635550091552,19.93,14.95
Surat,Gujarat,2020-02,24.65206896551724,43.53310344827587,8802.63511199029,17.69,13.27
Surat,Gujarat,2020-03,27.123870967741937,43.86870967741935,9105.374373659886,31.64,23.73
Surat,Gujarat,2020-04,28.833333333333332,43.272666666666666,8819.021666848965,39.25,29.44
Surat,Gujarat,2020-05,30.294516129032257,48.0041935483871,9092.764809175293,51.71,38.78
Surat,Gujarat,2020-06,30.764333333333333,64.986,8917.031890559052,50.79,38.1
Surat,Gujarat,2020-07,30.786774193548386,74.95903225806451,9086.592763954859,53.24,39.93
Surat,Gujarat,2020-08,29.309677419354838,74.38354838709677,8807.70912939948,41.95,31.46
Surat,Gujarat,2020-09,27.250999999999998,61.04600000000001,8764.877625935409,31.87,23.91
Surat,Gujarat,2020-10,25.442580645161293,47.90225806451613,9259.878196581603,25.74,19.3
Surat,Gujarat,2020-11,23.900666666666666,43.298,9063.66590972372,22.37,16.78
Surat,Gujarat,2020-12,22.692,45.01,8768.860880346474,16.65,12.49
Thiruvananthapuram,Kerala,2019-01,23.99225806451613,46.12322580645161,3433.856871391152,3.93,2.95
Thiruvananthapuram,Kerala,2019-02,24.963214285714287,41.96321428571429,3592.384337549155,9.43,7.07
Thiruvananthapuram,Kerala,2019-03,27.11064516129032,39.8,3562.265432556878,23.31,17.48
Thiruvananthapuram,Kerala,2019-04,29.373333333333335,47.62733333333333,3462.198212315205,32.07,24.05
Thiruvananthapuram,Kerala,2019-05,30.70193548387097,49.407419354838716,3479.9170407291713,44.68,33.51
Thiruvananthapuram,Kerala,2019-06,32.13933333333333,62.13466666666667,3531.1572874190074,51.43,38.57
Thiruvananthapuram,Kerala,2019-07,31.531612903225806,78.03548387096774,3485.2407924775594,46.33,34.75
Thiruvananthapuram,Kerala,2019-08,29.565483870967743,72.27741935483871,3562.7847065981086,33.54,25.16
Thiruvananthapuram,Kerala,2019-09,27.67,62.038333333333334,3506.578284251323,23.57,17.68
Thiruvananthapuram,Kerala,2019-10,26.10967741935484,47.58387096774193,3428.942162841545,15.17,11.38
Thiruvananthapuram,Kerala,2019-11,24.323,41.473,3472.8603200237444,8.3,6.23
Thiruvananthapuram,Kerala,2019-12,23.916451612903224,45.88967741935484,3464.394753517642,6.94,5.21
Thiruvananthapuram,Kerala,2020-01,24.17096774193548,43.45129032258065,3582.1226744479277,8.64,6.48
Thiruvananthapuram,Kerala,2020-02,25.559655172413795,41.88413793103449,3475.455764522286,11.69,8.77
Thiruvananthapuram,Kerala,2020-03,26.675483870967742,41.15903225806452,3493.510805668138,19.38,14.54
Thiruvananthapuram,Kerala,2020-04,29.138333333333332,47.76533333333334,3492.8736420010014,34.04,25.53
Thiruvananthapuram,Kerala,2020-05,30.7241935483871,47.16225806451613,3524.9311953727806,43.24,32.43
Thiruvananthapuram,Kerala,2020-06,31.217,66.369,3409.4517757745675,44.75,33.56
Thiruvananthapuram,Kerala,2020-07,31.637096774193548,76.94677419354838,3595.7559665195035,47.65,35.73
Thiruvananthapuram,Kerala,2020-08,29.807741935483868,72.3741935483871,3509.323800634296,37.45,28.09
Thiruvananthapuram,Kerala,2020-09,27.752333333333336,60.90833333333333,3622.0467149423157,24.21,18.16
Thiruvananthapuram,Kerala,2020-10,25.38064516129032,45.759032258064515,3521.92689085407,6.57,4.93
Thiruvananthapuram,Kerala,2020-11,24.545333333333335,42.71266666666667,3415.9737213290564,5.82,4.36
Thiruvananthapuram,Kerala,2020-12,23.18933333333333,44.785333333333334,3644.357859182603,6.41,4.8
Varanasi,Uttar Pradesh,2019-01,22.166129032258063,44.24193548387097,3448.1111759812457,5.15,3.86
Varanasi,Uttar Pradesh,2019-02,23.368571428571432,45.22392857142857,3399.0651892290093,7.85,5.89
Varanasi,Uttar Pradesh,2019-03,26.00741935483871,43.6341935483871,3499.3249390966603,13.22,9.92
Varanasi,Uttar Pradesh,2019-04,27.589,47.75066666666667,3551.0105173207476,21.32,15.99
Varanasi,Uttar Pradesh,2019-05,29.39709677419355,49.012903225806454,3435.8436644250123,37.9,28.42
Varanasi,Uttar Pradesh,2019-06,30.079666666666665,63.361,3458.9309084783736,36.57,27.43
Varanasi,Uttar Pradesh,2019-07,28.831935483870968,74.72741935483872,3522.785022743794,30.41,22.81
Varanasi,Uttar Pradesh,2019-08,28.19741935483871,73.4041935483871,3478.996725388277,25.04,18.78
Varanasi,Uttar Pradesh,2019-09,26.642333333333333,62.849666666666664,3539.5457693772673,17.14,12.85
Varanasi,Uttar Pradesh,2019-10,24.32967741935484,49.041935483870965,3550.6258878758254,6.66,4.99
Varanasi,Uttar Pradesh,2019-11,22.58566666666667,42.15833333333333,3348.6754922062455,6.97,5.23
Varanasi,Uttar Pradesh,2019-12,22.05290322580645,48.22838709677419,3518.3514969739344,7.57,5.67
Varanasi,Uttar Pradesh,2020-01,22.33258064516129,46.26741935483871,3529.526225593496,9.37,7.03
Varanasi,Uttar Pradesh,2020-02,23.44448275862069,42.304482758620686,3567.5012092498614,5.96,4.47
Varanasi,Uttar Pradesh,2020-03,25.618387096774192,44.200645161290325,3429.527476978741,14.92,11.19
Varanasi,Uttar Pradesh,2020-04,27.915000000000003,43.42033333333334,3507.1393081256506,20.21,15.16
Varanasi,Uttar Pradesh,2020-05,29.206451612903226,49.5158064516129,3368.5454899579368,34.73,26.05
Varanasi,Uttar Pradesh,2020-06,29.788999999999998,66.89933333333333,3554.4270056489845,34.08,25.56
Varanasi,Uttar Pradesh,2020-07,30.089032258064517,74.99032258064516,3445.7093964642786,37.44,28.08
Varanasi,Uttar Pradesh,2020-08,28.661612903225805,71.25612903225807,3517.377660348761,31.88,23.91
Varanasi,Uttar Pradesh,2020-09,26.081666666666667,60.781666666666666,3571.674640115601,18.63,13.97
Varanasi,Uttar Pradesh,2020-10,23.79548387096774,42.44387096774194,3463.2097465612815,8.23,6.17
Varanasi,Uttar Pradesh,2020-11,22.65266666666667,42.781333333333336,3526.7105851287483,9.2,6.9
Varanasi,Uttar Pradesh,2020-12,21.657666666666668,45.36933333333333,3445.440078167885,6.46,4.84
Visakhapatnam,Andhra Pradesh,2019-01,24.53290322580645,47.78935483870968,779.7808905267203,8.03,6.03
Visakhapatnam,Andhra Pradesh,2019-02,26.125357142857144,44.730000000000004,830.1979827215404,5.98,4.48
Visakhapatnam,Andhra Pradesh,2019-03,27.841290322580647,41.8016129032258,804.9855667448246,21.69,16.27
Visakhapatnam,Andhra Pradesh,2019-04,29.368666666666666,45.977333333333334,793.8638730334865,26.51,19.88
Visakhapatnam,Andhra Pradesh,2019-05,30.929677419354835,49.5916129032258,799.8195604643836,39.67,29.76
Visakhapatnam,Andhra Pradesh,2019-06,31.732666666666667,65.37466666666667,830.9316056398015,47.0,35.25
Visakhapatnam,Andhra Pradesh,2019-07,31.921935483870968,74.9474193548387,789.4000658817548,44.6,33.45
Visakhapatnam,Andhra Pradesh,2019-08,30.585806451612903,72.67,798.8242561478413,39.14,29.35
Visakhapatnam,Andhra Pradesh,2019-09,28.119666666666667,60.93,792.5650973692555,22.1,16.58
Visakhapatnam,Andhra Pradesh,2019-10,26.433548387096774,49.68322580645162,809.4556678685392,11.8,8.85
Visakhapatnam,Andhra Pradesh,2019-11,25.008666666666667,44.287666666666674,825.0909673997455,7.04,5.28
Visakhapatnam,Andhra Pradesh,2019-12,23.964193548387097,43.45580645161291,812.1966130496909,4.92,3.69
Visakhapatnam,Andhra Pradesh,2020-01,24.113225806451613,46.755806451612905,809.4783683557594,3.53,2.65
Visakhapatnam,Andhra Pradesh,2020-02,25.50793103448276,43.490344827586206,798.3919295608929,5.57,4.18
Visakhapatnam,Andhra Pradesh,2020-03,27.383548387096774,39.64645161290323,775.7863564607885,17.76,13.32
Visakhapatnam,Andhra Pradesh,2020-04,29.572,46.35633333333333,817.4615942554118,29.96,22.47
Visakhapatnam,Andhra Pradesh,2020-05,31.36967741935484,48.51709677419355,810.1645441425326,39.05,29.29
Visakhapatnam,Andhra Pradesh,2020-06,32.04366666666667,62.915333333333336,802.5894254815271,47.1,35.32
Visakhapatnam,Andhra Pradesh,2020-07,32.20193548387097,73.5783870967742,785.7143140281685,48.38,36.28
Visakhapatnam,Andhra Pradesh,2020-08,30.56677419354839,74.57193548387097,789.0062824698122,34.23,25.67
Visakhapatnam,Andhra Pradesh,2020-09,28.247333333333334,62.11466666666667,790.0217901167745,20.72,15.54
Visakhapatnam,Andhra Pradesh,2020-10,25.979032258064517,49.5,788.4600886758159,5.46,4.09
Visakhapatnam,Andhra Pradesh,2020-11,24.708000000000002,43.851,807.9740230112669,3.39,2.54
Visakhapatnam,Andhra Pradesh,2020-12,23.766000000000002,43.031666666666666,829.1214080467892,1.0,0.75
